Nombre de lignes,Temps d'exécution
5473,14588.4864
13309,17769.46304
722,12200.51208
3756,13485.96086
35303,23094.033020000003
5647,13432.49744
8054,14954.42598
6987,14761.99498
12306,16522.04206
1223,12503.860200000001
4096,14036.653980000001
23001,20236.8988
15851,18255.74162
7097,15066.1254
17598,19616.36294
1510,13241.87488
2935,13533.834240000002
2268,13118.25744
16279,18932.51382
12348,16809.26974
