Nombre de lignes,Temps d'exécution
5473,16120.943640000001
13309,33430.35576
722,3495.1264
3756,9012.229
35303,61690.420939999996
5647,9268.1576
8054,21174.691919999997
6987,14348.38386
12306,26568.25512
1223,3998.9573800000003
4096,11810.839960000001
23001,48750.33272
15851,36868.2621
7097,18638.19084
17598,45024.40842
1510,5470.122759999999
2935,8125.65696
2268,7441.84094
16279,40809.47338
12348,26439.9768
