Nombre de lignes,Temps d'exécution
5473,15424.03358
13309,31587.37406
722,3285.9827600000003
3756,9046.24346
35303,61174.43476
5647,8400.50308
8054,19270.184259999998
6987,13577.37112
12306,25742.1544
1223,3927.81864
4096,11664.601980000001
23001,48557.545999999995
15851,35815.46426
7097,19170.85746
17598,47680.18004
1510,6075.86826
2935,8090.333419999999
2268,7466.59534
16279,40178.603259999996
12348,26240.51758
